of_the 	13746418027	12700294
in_the 	6622025528	11843083
to_the 	4387010345	11484360
de_la 	2753836129	7680219
and_the 	2670787968	11253674
on_the 	2527168670	11647570
for_the 	2349815287	10957339
by_the 	2134505249	10782662
that_the 	1885184744	9921237
to_be 	1882747498	10414765
it_is 	1750060572	10197487
of_a 	1704943667	10833666
from_the 	1636695919	10982805
with_the 	1625946748	10542063
at_the 	1426706618	10497131
in_a 	1132792976	11452483
1_1 	933436890	11987476
as_a 	929530579	10740144
a_la 	923226855	6107542
the_same 	880294096	9777093
し_して 	855495897	546978
して_て 	855495897	546978
is_a 	851329961	10407260
is_the 	819322981	9899113
of_this 	804865064	9916599
have_been 	796616497	9774366
has_been 	777489749	9669069
it_was 	768780609	9042686
as_the 	763256469	9872000
may_be 	759679891	9801270
with_a 	692704334	9947507
will_be 	674522297	9456852
in_this 	668153860	9832309
0_0 	661963328	6215256
to_a 	659834403	10838644
する_る 	643396077	538149
す_する 	643396077	538149
the_first 	642609397	9877662
てあ_あ 	630643685	517037
て_てあ 	630643685	517037
ある_る 	614792931	527742
あ_ある 	614792931	527742
is_not 	607926942	9521808
new_york 	602668925	9549765
for_a 	601154968	9984971
in_der 	600865697	3249738
of_his 	592336330	7922946
i_i 	585790385	11093940
there_is 	583588981	9253767
and_a 	576383484	9919215
can_be 	569254189	9316837
て_てい 	545691447	517400
てい_い 	545691447	517400
should_be 	537430866	9225784
number_of 	534767927	9316441
one_of 	521715177	9353674
united_states 	516876435	7733502
こ_こと 	514668908	520908
こと_と 	514668908	520908
o_o 	504021604	7985156
and_in 	496246340	9712245
って_て 	496029235	517552
っ_って 	496029235	517552
し_した 	484240352	523373
した_た 	484240352	523373
った_た 	468139433	496451
っ_った 	468139433	496451
by_a 	461916198	9632299
he_was 	461637034	6485066
would_be 	461481049	8750512
part_of 	454315276	9504640
de_los 	453762653	2166831
all_the 	452823668	9094091
から_ら 	446592348	520722
か_から 	446592348	520722
during_the 	429115018	9265468
en_el 	428568930	1734177
which_the 	428091430	9049760
under_the 	420734962	9266973
the_other 	417566153	9226536
1_2 	416817570	11939884
into_the 	414291444	9266771
on_a 	414083477	11064912
in_which 	413552493	9081767
the_united 	412625334	7819739
of_these 	411392400	9336717
な_ない 	407432788	512531
ない_い 	407432788	512531
and_that 	406770243	8660204
and_to 	406052507	9374736
had_been 	404729447	7920491
shall_be 	402923442	5642236
en_la 	395013565	2939717
which_is 	390514956	9118896
the_most 	389417205	9206514
they_are 	382772029	9073916
as_to 	382583274	8532846
that_it 	377895537	8610974
the_following 	377139310	9089360
et_de 	371680462	3984412
that_he 	370234000	6854159
the_state 	368781846	7734378
when_the 	362270984	8989476
this_is 	360787449	9018707
was_a 	360320796	8206458
to_have 	358841084	8781324
must_be 	358775080	8767535
if_the 	358075230	8674500
of_their 	355614201	9053840
い_いる 	354475124	480366
いる_る 	354475124	480366
we_have 	352623555	7520364
in_his 	349499084	7953143
per_cent 	345759692	5049890
upon_the 	344140319	8015752
more_than 	342248395	9154842
of_an 	341901956	9372803
out_of 	337841456	8836073
ては_は 	336831261	526533
て_ては 	336831261	526533
その_の 	333946060	514008
そ_その 	333946060	514008
that_is 	332750663	8567791
between_the 	327499242	9125151
と_とい 	323796203	507656
とい_い 	323796203	507656
i_have 	322273145	6547889
is_to 	321159344	9060984
も_もの 	320606253	524665
もの_の 	320606253	524665
in_den 	320161500	2874907
did_not 	319592016	8060837
of_all 	318409812	9231783
does_not 	316130484	8838186
but_the 	315319882	8657132
there_are 	310806000	8845120
use_of 	310417623	8996649
was_the 	309798509	8253293
do_not 	305399046	9102714
and_other 	304461650	9253311
to_make 	304278396	8781807
い_いて 	302184673	528996
いて_て 	302184673	528996
he_had 	299725327	5839222
the_time 	296577882	8820894
not_be 	296506977	8779958
de_las 	293207496	2069428
que_se 	292202044	2598794
such_as 	291889590	8800246
as_well 	291786025	9090679
was_not 	291208863	8082350
さ_され 	290423407	522926
され_れ 	290423407	522926
the_new 	288450601	8860570
dans_le 	288106325	2857433
のて_て 	286855446	509022
の_のて 	286855446	509022
que_la 	286658333	3314164
of_which 	283705515	8594111
through_the 	276632122	9034107
of_its 	274200482	8791291
2_2 	273919321	9003538
dans_la 	269489075	2898304
at_a 	266641022	9369841
dans_les 	266318194	2866928
there_was 	266004054	7589568
とし_し 	265493410	527572
と_とし 	265493410	527572
et_al 	264932236	3604597
the_case 	264354097	8123381
that_they 	262808086	8277118
are_not 	261661259	9007274
i_am 	260335892	6889518
いう_う 	259988972	461449
い_いう 	259988972	461449
over_the 	259402169	8819716
the_two 	259256956	8763575
after_the 	258117791	8681061
2_1 	257494924	9384045
of_our 	250575078	7573839
fur_die 	249768513	2441588
2_3 	248282074	10996666
they_were 	247341392	7916081
such_a 	245625175	8329372
be_a 	244864175	9055863
この_の 	243635295	510707
こ_この 	243635295	510707
well_as 	243087150	8908757
that_a 	240693342	8490325
some_of 	239857141	8675089
a_few 	238964618	8373468
within_the 	238431711	8582509
the_world 	236245883	7710908
and_it 	234510379	8221950
than_the 	234197992	8770390
the_present 	233803612	8258656
of_such 	233541600	7949266
the_whole 	232828610	7887706
according_to 	232415988	8634084
a_new 	230969706	9178437
a_a 	230739773	10087541
from_a 	230735917	9037209
que_le 	229933348	3146180
that_of 	229145649	8356478
and_i 	227522012	7024400
we_are 	227485250	7149166
und_die 	226873344	2690629
to_do 	226851749	8415023
before_the 	226291825	8592418
at_least 	224788764	8487182
or_the 	224308598	8876368
in_order 	223646074	8541890
end_of 	223547503	8733195
the_second 	223023734	8777286
the_court 	222520946	3999205
amount_of 	222258121	7654833
of_any 	221145231	8125217
the_last 	220946685	9338352
it_has 	219457332	8369784
about_the 	217230051	8467900
in_their 	216961426	8596035
department_of 	216578651	6986938
due_to 	213798240	8034559
he_is 	212855038	6721475
and_of 	212645557	8510098
where_the 	211477577	8488513
1_3 	210548124	9943535
is_that 	209764599	8063258
so_that 	207601122	8301949
which_are 	206786987	8471786
3_3 	206446730	8251119
have_a 	206016519	8526537
is_in 	205223798	8976817
to_his 	205148303	6768276
up_to 	204013480	8618264
be_the 	202078371	8550331
of_that 	200745917	7915865
are_the 	200122274	8811370
u_s 	199811508	6641805
that_in 	199542361	8298518
it_would 	198240491	7686556
of_them 	197733855	7861397
que_les 	196671476	2930904
in_an 	196376801	9545076
the_house 	196375351	5575817
the_general 	195679279	8325625
auf_die 	195428710	2242032
order_to 	194616013	8288371
von_der 	194248306	2690947
which_he 	194072095	6508183
would_have 	193700186	7600926
university_of 	193674820	9736563
and_his 	192738689	7210367
et_les 	192597501	2869379
could_be 	192212323	8142584
and_is 	191810040	8483704
which_was 	190885700	7820893
the_year 	190786979	7336539
n_y 	189994093	4255667
to_this 	189714848	8518336
3_4 	188219260	10446843
the_number 	186985186	8048471
the_right 	186475352	7683045
0_1 	186356156	6155455
is_no 	185938735	8305243
a_very 	185506479	7877573
is_an 	185445545	8626200
the_fact 	184962770	7876676
the_end 	184726805	8587222
3_1 	184582323	8736559
value_of 	184429986	7307818
1_0 	183720473	6601258
l_l 	183220503	6836560
the_city 	183159952	5929974
against_the 	182947476	7552921
less_than 	182818970	8080782
case_of 	182755209	7707545
based_on 	182270769	7465878
as_it 	181910361	8222271
1_4 	181858713	9362828
in_all 	181454952	9052923
state_of 	180923982	7850420
able_to 	180368531	8112600
the_use 	179056021	8258658
the_great 	178912952	7384658
et_la 	177661316	3099367
not_to 	177467007	7997447
that_there 	176929011	7843441
as_an 	175937699	8732185
the_government 	175910451	5320627
be_made 	175216391	8102858
in_its 	175182434	8252380
the_best 	175029314	8150095
and_then 	174755446	7923229
fact_that 	174645895	7686692
and_for 	173701329	8587235
the_public 	172529214	6578272
to_take 	171583151	7907965
not_only 	171206826	7957520
that_we 	170482376	6640399
sur_la 	170042062	3331302
that_i 	169864311	5868086
und_der 	168928577	2579906
of_new 	167591234	7608668
in_that 	166477004	8078663
i_1 	166003966	9158978
a_los 	165211844	1677734
could_not 	165173561	7298981
et_le 	164861472	2872655
and_he 	164724822	6209524
and_its 	164237426	8759610
a_large 	163834629	8234782
y_a 	163772454	5668340
uber_die 	163583623	2561127
the_work 	163550203	7714870
dass_die 	163547733	1821073
it_will 	162517571	7729416
in_any 	162491366	8080318
sur_les 	162061384	3036044
but_it 	161986740	7769141
mit_dem 	161430256	2100502
among_the 	161000538	8080289
because_of 	160546666	7763185
that_this 	160399712	7957827
the_people 	159090612	6097264
4_1 	158015424	8161590
sur_le 	157267543	2850604
a_great 	157243260	7510919
to_which 	156789286	7975592
the_board 	156385124	4349200
the_amount 	155916531	6509006
and_their 	155038164	8762876
the_country 	155022421	6576944
he_has 	154510083	6421329
to_give 	154212876	7850489
in_die 	153952538	2887663
the_national 	153759153	6587521
his_own 	153528508	6287092
4_4 	153057612	7354457
they_have 	152990105	7779531
those_who 	152808812	6983604
the_latter 	152806487	7421209
mit_der 	152509063	2079935
for_this 	152253348	8573224
the_committee 	152108045	3863326
1_i 	151604071	9235289
i_was 	151260065	5442783
effect_of 	151199338	6915074
history_of 	150992374	7527200
of_it 	150609483	7214940
the_only 	150532290	8111733
the_total 	150185128	6885232
as_in 	150076007	8254585
all_of 	150061935	8165935
par_le 	150044685	2400238
the_old 	149993273	7004682
of_course 	149507897	7055135
board_of 	148584534	4809565
used_in 	148164788	7772460
par_la 	148013820	2507724
it_may 	147920135	7756223
have_the 	147914783	8049292
have_to 	146950826	7334149
for_example 	146777208	6780468
members_of 	146426930	7169882
be_used 	145966328	7423976
durch_die 	145803024	2064331
the_next 	145560805	8037148
in_addition 	144542936	7687330
in_some 	143922442	8219998
will_not 	143302009	7549724
e_e 	142751098	6903080
was_in 	142702768	8286575
as_follows 	142686421	6844339
used_to 	142574004	7934347
what_is 	142389413	7446903
form_of 	141819769	7983321
study_of 	141459364	7407323
a_good 	140603884	7495210
time_of 	140260863	7898138
1_5 	139963639	8745489
development_of 	139622053	7123578
tion_of 	139299526	7433242
3_2 	139223911	8152526
i_think 	139201058	4643531
4_5 	138954794	9649618
has_a 	138946435	8016596
the_american 	138882961	6364611
il_est 	138655306	2064829
a_little 	138501465	6620058
most_of 	138476884	8066074
the_question 	136676852	6767638
and_as 	136516215	7965354
was_to 	136442139	7077027
and_was 	136428419	7078022
bei_der 	136325092	2052550
might_be 	136299773	7467079
into_a 	136297094	7940001
while_the 	136179660	7991995
por_el 	135796792	1342939
to_their 	135792186	8105557
of_those 	135776401	7832413
to_see 	135665036	7225307
que_el 	135457080	1260196
a_number 	134965393	7719133
1_a 	134039237	9689648
s_s 	133872275	7452609
would_not 	133864518	7185075
since_the 	133847268	8093846
means_of 	133155477	7648410
de_su 	132904054	1552056
lo_que 	132752853	1284507
there_were 	132645543	7179727
to_him 	132429658	5819452
with_an 	132264852	8431838
e_a 	132218621	7816462
the_said 	132039235	2311044
a_un 	131729487	3759438
a_m 	131403503	7949167
to_an 	131372058	8244960
of_her 	131342781	5259755
act_of 	130993733	5656837
and_by 	130948612	8154317
de_ce 	130908212	2344388
de_son 	130906180	2222424
tous_les 	130832576	2197808
s_a 	130774013	8245286
et_des 	130405350	2766988
to_say 	130301836	6599289
not_a 	130248757	7871320
ce_qui 	129961112	2030534
had_a 	129954379	7285771
y_de 	129823228	1949425
and_not 	129377533	7832293
cost_of 	129136094	5676500
or_a 	128630941	8769803
not_the 	128573951	7723762
of_one 	128124838	8134694
found_in 	127920723	7788645
rate_of 	127709119	5991198
when_he 	127676669	5946671
5_1 	127665896	7627520
is_also 	127634797	7851584
a_small 	127625628	7840601
in_our 	127399723	6975793
c_c 	127322959	6385200
as_they 	127236728	7776801
which_they 	127014815	7453711
at_all 	126160998	7705509
par_les 	126071418	2224470
the_law 	125918698	5651053
if_you 	125450869	5276967
to_that 	125445617	7888339
aus_dem 	124795424	2405573
x_x 	124308370	3678194
and_all 	124082507	7796537
it_to 	123689677	7646838
y_la 	123460809	1832965
a_man 	122733899	6165877
an_der 	122592876	2299278
or_more 	122325869	7535416
2_4 	122169797	8492815
con_la 	121926411	1856781
rather_than 	121898532	7548447
a_1 	121608132	8306551
him_to 	121353778	5889590
5_5 	121328816	6913588
y_el 	121280869	1515224
a_b 	120771224	7796241
et_a 	120670742	3256183
subject_to 	120662235	7104702
en_los 	120602856	1406678
as_he 	120580053	5802748
to_me 	120480751	5602803
and_with 	120389059	7972042
to_get 	120270494	6715198
and_so 	120187985	7230586
necessary_to 	120146991	7559038
for_all 	120115888	8265870
and_on 	120029634	8103597
in_such 	119896364	7484174
of_each 	119714204	7977848
any_other 	119635730	7411388
r_r 	119545450	6341878
referred_to 	118945649	6703461
to_provide 	118593175	6856154
on_this 	118546691	7740593
who_had 	118435936	5851079
many_of 	118415487	7636313
1_the 	118149802	7608512
their_own 	117968492	7199914
them_to 	117835547	7462693
von_den 	117500848	2150624
cannot_be 	117192894	7472572
which_it 	117169442	7130350
que_no 	116838153	1476995
if_it 	116792940	7417199
de_cette 	116432350	1981660
were_not 	116215673	7502430
up_the 	116146952	7534323
they_had 	115846501	6131684
result_of 	115739977	7658947
the_main 	115695002	7535546
committee_on 	115607648	3364548
side_of 	115464538	7109457
the_company 	115052939	4110026
the_purpose 	114988954	7146305
terms_of 	114832534	6825074
purpose_of 	114819412	7202859
or_in 	114805322	7953487
or_other 	114131061	6879525
and_if 	114083364	7137918
the_past 	113955419	7280091
a_single 	113675310	7663339
por_la 	113578755	1413470
the_subject 	113537503	6876221
de_un 	113475030	1850599
van_de 	113454377	1578553
de_ces 	113404613	1975667
5_6 	113118032	9154554
and_at 	113070028	7926405
period_of 	112998806	7417906
the_results 	112869062	6573088
made_by 	112856043	7397619
this_was 	112757413	7093650
m_m 	112601325	6110312
and_they 	112347426	7175536
type_of 	112143819	6824588
at_this 	112118550	7475727
journal_of 	111998149	4918517
the_act 	111989375	4502873
are_in 	111926581	8100416
de_que 	111848497	1593120
report_of 	111839868	5642109
1_6 	111580000	7659496
account_of 	111450028	6646601
in_fact 	111446925	7069533
the_way 	111341150	7243139
right_to 	111318629	5713711
with_his 	110739824	6023692
seems_to 	110586903	6831870
the_department 	110195307	4843613
court_of 	109918940	3682098
con_el 	109799822	1285469
those_of 	109761355	7643076
the_more 	109729253	7650668
you_have 	109723099	4978197
i_a 	109628930	9036070
the_one 	109574375	7698948
3_5 	109447359	8368793
the_name 	109261915	6755031
for_his 	109018818	6681957
in_dem 	108734935	2011327
pour_la 	108485767	2410768
6_1 	107975353	6658776
and_there 	107824154	7311546
aus_der 	107706026	2298167
shown_in 	107646252	5793193
of_my 	107557596	5518037
and_we 	107488233	6155593
that_are 	107402198	7209430
in_one 	107300057	7983220
time_and 	107287036	7731274
a_ete 	107216455	1860629
the_effect 	106853938	6895581
kind_of 	106821745	6988218
for_an 	106681456	7826574
t_t 	106647398	6159896
out_the 	106595533	7763169
in_other 	106356056	7803899
who_are 	106210339	6779496
time_to 	106067088	7521447
portion_of 	106044172	6789809
l_i 	105953449	7031190
far_as 	105872252	6885084
which_has 	105850574	7450188
pour_les 	105527501	2126311
but_in 	105398961	7470065
city_of 	105246681	5190921
to_go 	104807173	6663661
the_water 	104797289	5551780
as_i 	104584626	6021245
parts_of 	104552616	7424908
along_the 	104549381	6704950
i_had 	104383844	4506217
in_these 	104019416	7902500
she_was 	103940070	4200851
you_are 	103808512	4953082
he_would 	103798566	5179841
and_are 	103784507	7882667
it_and 	103726348	6715088
auch_die 	103643365	1827151
increase_in 	103284524	5810333
nature_of 	103217983	7332281
but_i 	103153345	4893130
or_to 	103047724	7598724
each_of 	102988525	7667879
the_secretary 	102700913	3542032
the_third 	102585301	7713791
for_each 	102509879	7068334
we_can 	102404703	6186270
if_he 	102202395	5611215
to_all 	102028560	7752213
ist_die 	101876401	1884918
of_some 	101806139	7909475
member_of 	101668353	6326009
point_of 	101619165	7394444
the_north 	101545884	5872841
a_i 	101536958	7741330
and_this 	101522446	7361427
i_l 	101406637	6774676
of_two 	101270651	7903176
4_2 	101250200	7159502
a_s 	101214755	7837385
of_state 	101206524	5011380
de_ses 	101145469	2045968
name_of 	101081214	6497346
be_in 	101075733	7699281
the_land 	101008864	5492920
effects_of 	100998660	6161559
analysis_of 	100839926	5998059
respect_to 	100792878	5700888
auf_den 	100754822	2031116
view_of 	100663733	7293937
i_do 	100634956	5702245
the_commission 	100456039	3095396
the_war 	100278304	4569523
made_to 	100274115	7607708
2_5 	100257170	7918559
it_in 	100124680	7452060
of_said 	99993619	1412238
2_the 	99883785	7348603
on_his 	99780473	6033988
an_act 	99764794	3478876
for_their 	99747256	7834279
so_far 	99674800	6799197
i_would 	99603128	5142632
of_water 	99078007	5527196
the_federal 	99021512	3584538
had_to 	98949387	6609882
to_pay 	98563051	5638710
is_of 	98504174	7433048
years_of 	98392607	7083351
has_not 	98364960	7413439
secretary_of 	98126178	4010328
en_las 	98094116	1351299
the_original 	98043275	7291623
c_a 	98012412	7602038
the_above 	98002992	6530513
the_church 	97951676	3520153
the_south 	97943847	5695092
is_now 	97871377	7231160
the_very 	97866954	7019259
y_en 	97836454	2416298
e_o 	97820334	5567851
used_for 	97651993	6916496
going_to 	97461944	5634504
t_i 	97329525	7217030
see_also 	97150734	3679671
by_an 	96724150	7723807
the_average 	96337158	5960454
and_one 	96264823	7762014
the_ground 	96084903	6275322
m_a 	96020647	7443941
to_any 	96005160	6970982
office_of 	95958687	5439496
regard_to 	95889594	6380571
the_university 	95778633	6804090
de_sa 	95704584	2586944
the_value 	95653228	6561487
the_county 	95300774	2962809
that_if 	95136414	6574598
and_an 	94772251	8006196
not_been 	94569347	7504352
to_its 	94288936	7590851
for_which 	94231937	7311126
il_y 	94153860	2014176
prior_to 	94095661	6028456
may_have 	93981920	7418722
to_use 	93836135	7460138
the_president 	93686612	3921736
he_said 	93653624	4215916
the_bill 	93566380	2709944
the_result 	93551043	7245119
course_of 	93488551	7033148
7_1 	93451601	6721680
de_una 	93449570	1406636
the_form 	93297833	7209204
that_was 	93252414	6545954
house_of 	93193081	4789621
presence_of 	93185056	6487629
because_the 	93176520	7196327
1_o 	92949773	6168651
the_day 	92824817	6491066
who_have 	92807023	6846245
time_the 	92805510	7716399
changes_in 	92736312	6363722
in_my 	92659809	5415383
1_7 	92472730	7489391
4_3 	92406211	7054691
the_various 	92276364	7325297
method_of 	92193447	6683895
a_more 	92157814	7772387
instead_of 	91960704	7249450
is_one 	91876105	7584322
if_we 	91853588	5982599
series_of 	91825090	7271123
a_las 	91817531	1411967
the_british 	91788083	4794457
until_the 	91661450	7174056
work_of 	91608736	6961603
the_development 	91372410	6470028
if_they 	91363642	7027396
auf_der 	91331951	2029428
as_we 	91322674	6198914
be_found 	91279164	7390355
2_a 	91173992	8720216
not_in 	91118496	7538487
was_made 	90996040	6884245
1_8 	90935604	7378732
have_not 	90927552	7384606
no_1 	90790398	5911208
any_of 	90699037	7199974
same_time 	90662630	7356842
the_three 	90658385	7655603
auf_dem 	90641055	2055656
n'est_pas 	90512231	1918659
a_long 	90359525	7798670
basis_of 	90311135	6663755
associated_with 	90087280	6114686
and_more 	90052898	7600262
i_will 	89997055	4923702
not_have 	89950492	7267157
the_entire 	89932794	7045316
matter_of 	89896650	6463752
mit_den 	89893894	1958256
the_basis 	89839342	6655838
pour_le 	89599064	2229120
order_of 	89460774	6565641
should_not 	89408626	6946025
n_n 	89406674	5535579
had_not 	89253046	6062064
with_respect 	89086656	5155664
a_une 	89076322	2003515
an_die 	89063705	1994937
cent_of 	89022818	3930133
r_a 	88987574	7105489
which_we 	88966621	5899709
say_that 	88961382	5992912
of_life 	88948491	6432893
a_n 	88879416	6589461
the_lower 	88734087	6483371
8_1 	88728382	6501054
que_en 	88577932	1893229
6_7 	88396927	8217310
9_9 	88344250	4620449
an_den 	88300195	2129935
made_in 	88190362	7439437
i_o 	88131810	7011323
addition_to 	88102307	7287736
nach_dem 	88069430	2011000
a_l 	87968781	7225088
e_r 	87962962	6066631
are_to 	87844666	7201276
in_general 	87784743	7205700
who_was 	87675308	5546568
day_of 	87616647	5524199
to_find 	87364178	7276969
i_s 	87201458	6991779
the_king 	87119886	3447011
the_presence 	87098665	6365986
which_i 	87074082	4971626
but_not 	87005630	7675178
only_a 	86910695	7671344
fur_den 	86857877	1953816
5_2 	86663957	6867122
to_those 	86635658	7669352
percent_of 	86559144	3138826
said_that 	86541542	5639865
it_the 	86394864	7041200
a_c 	86383148	7287367
of_public 	86320854	5277754
date_of 	86307504	4878737
want_to 	86156351	5068315
so_much 	86093821	6268094
ce_que 	85970162	2116749
to_them 	85877248	6749871
throughout_the 	85809735	7419640
the_field 	85786237	6751376
n_1 	85760921	5708875
5_3 	85731788	6787473
system_of 	85686719	6743742
and_also 	85681734	7152828
d_d 	85570398	4733393
required_to 	85563457	6159716
the_system 	85561066	5648847
a_certain 	85489729	6903364
dans_un 	85410073	1976918
and_when 	85352057	6829501
the_cost 	85326556	5386928
above_the 	85117554	7217195
the_author 	84837738	5707896
is_very 	84797583	6878924
e_s 	84756851	6529668
types_of 	84725638	5994489
the_senate 	84679535	2297174
the_power 	84675105	6047858
a_o 	84496799	6781833
relating_to 	84415944	5345647
come_to 	84377608	6597915
toutes_les 	84344564	1968077
a_r 	84340566	6953540
en_su 	84200212	1264315
1_9 	84038307	6863081
in_each 	83978982	7372843
of_time 	83964753	7509618
to_keep 	83885453	7069487
the_surface 	83787429	5131649
whether_the 	83549588	6513252
in_many 	83293477	7303253
provisions_of 	83273231	2986353
the_middle 	83238785	6890458
the_high 	83102582	7067790
the_west 	83099689	5735965
to_meet 	83071755	6877739
2_0 	83030574	5187733
make_a 	82998694	7091058
you_will 	82660728	4767978
that_you 	82539021	4636303
on_which 	82473709	7008970
the_future 	82429337	6886027
by_his 	82402022	5497147
which_had 	82392670	6154665
que_nous 	82331963	1722409
7_8 	82229590	8199964
6_6 	82148368	5341178
to_her 	82097389	4490896
was_no 	82031531	6139910
de_m 	82026405	2547905
by_this 	81916228	7056634
list_of 	81759996	7153165
and_from 	81683816	7567411
who_is 	81609301	6172028
the_defendant 	81559649	1032105
to_determine 	81543368	6339226
it_should 	81394917	7096423
a_year 	81362169	6372196
which_were 	81273503	6969223
es_ist 	81149098	1811351
to_show 	81039765	6934500
only_the 	81038192	7752035
nach_der 	80920720	1978785
9_1 	80823548	6175978
been_made 	80788309	6935312
a_and 	80534127	5150769
to_it 	80492826	6915003
do_you 	80484409	4055784
other_than 	80440776	6737916
which_have 	80361495	7044285
like_a 	80337452	5830219
l_1 	80160045	5881435
the_problem 	80152873	6032750
is_made 	80138456	6888117
of_other 	80081202	7648566
then_the 	80077260	7025052
him_and 	79983629	4865825
like_the 	79947902	6735882
bei_den 	79933902	1943484
when_they 	79892932	6898460
a_result 	79886783	6453437
likely_to 	79856763	6462132
as_if 	79849716	5770087
had_the 	79816785	6603131
n_a 	79799613	6318198
und_in 	79666354	2068445
0_2 	79640063	4841181
given_to 	79566024	7078771
r_i 	79521543	6727835
i_e 	79495693	7022565
when_it 	79180465	7152893
this_section 	79136864	4090110
a_d 	79131179	6899007
range_of 	79090167	6266666
the_upper 	79082176	5918678
peut_etre 	78990696	1810290
i_t 	78981004	6737411
in_new 	78844312	5807535
near_the 	78844043	6363382
results_of 	78766634	6366312
a_t 	78665471	7250174
the_district 	78657453	3693158
the_early 	78585189	6972690
and_others 	78511811	6842663
the_matter 	78466294	5424409
level_of 	78389289	6014946
the_former 	78247073	6570466
o_a 	78240735	7351330
von_dem 	78237775	1881752
way_of 	78207189	7029973
this_case 	78158336	5493945
than_a 	78133615	7393061
in_de 	78039926	3447340
4_6 	77936132	7165647
no_se 	77907525	1486559
the_rate 	77853812	5122427
but_he 	77736125	5173674
if_a 	77713661	7044362
the_word 	77700405	5631690
the_period 	77336508	6498878
other_hand 	77299443	6668454
were_the 	76944048	6931039
power_of 	76892442	6082456
back_to 	76835601	6819142
by_mr 	76774037	3665354
be_taken 	76689986	6856686
related_to 	76519135	6352333
but_a 	76381624	7337642
may_not 	76322757	7095367
e_la 	76301772	2521096
question_of 	76287009	5858228
of_what 	76244317	6613527
the_order 	76149733	5987754
for_any 	76116334	6769052
en_un 	76051155	2735050
degree_of 	76031215	6693553
however_the 	76005342	6989086
change_in 	75991903	6767033
the_point 	75960418	6757498
in_terms 	75929216	5674150
interest_in 	75922427	6684981
said_to 	75921990	5836911
them_in 	75908415	7075092
j_j 	75904229	6129736
a_2 	75866459	7168823
and_has 	75810331	7109537
them_and 	75803153	6377554
state_and 	75711520	5923866
i_n 	75680146	6640645
shall_not 	75663911	4228906
the_french 	75582280	4296875
both_the 	75559272	7392170
the_body 	75544827	5530205
que_de 	75506030	3028921
that_all 	75422310	7220465
in_fig 	75373372	1740211
with_this 	75360908	7397135
c_o 	75297221	5851242
en_que 	75162405	1246313
the_head 	75095330	6000331
1_and 	75084912	5888925
the_nature 	75025267	6783740
8_9 	75018076	7781631
8_8 	74943467	5064008
of_your 	74817926	4742360
from_this 	74716173	7475212
j_a 	74682300	6747831
the_air 	74645914	5407322
the_course 	74632912	6639750
7_7 	74630334	5412314
lack_of 	74526757	6666810
qui_est 	74523548	2030896
le_plus 	74366293	1955601
relation_to 	74300722	6188956
to_work 	74035392	6534371
should_have 	73996709	6441251
she_had 	73955859	3616653
s_1 	73914906	6059555
bureau_of 	73776360	3732019
for_it 	73643351	6348922
at_any 	73597830	6673991
together_with 	73437772	6918873
came_to 	73417025	5662845
no_2 	73411328	5350881
been_a 	73351256	6813030
each_other 	73350133	6794929
in_einem 	73220847	1897115
y_que 	73202655	1209266
reference_to 	73183079	6351382
make_the 	73182509	7210427
enough_to 	73173642	6914662
life_of 	73113064	6285987
have_no 	73111328	6765616
o_1 	73100640	5592354
with_which 	73096457	6669749
2_6 	72957023	6617067
me_to 	72932885	5078308
distribution_of 	72926826	5796432
seem_to 	72872131	6636261
a_part 	72851084	7931597
you_can 	72846487	4376822
he_could 	72739239	4761523
c_h 	72715766	5231312
has_the 	72560622	7114626
accordance_with 	72506339	5371862
in_accordance 	72403488	5350633
control_of 	72383705	5730564
it_had 	72361273	5959167
die_in 	72195395	3775715
found_that 	72183885	6119656
l_a 	72076449	6901030
of_god 	72064970	3128902
cause_of 	72028241	6214804
how_to 	71987692	6305629
e_di 	71986862	1253928
or_not 	71912850	6839777
it_can 	71884667	6875746
sich_die 	71881539	1761621
the_local 	71803277	5568050
the_area 	71705650	5446129
with_their 	71675619	7237308
the_study 	71672364	6120579
from_his 	71640281	5675343
s_i 	71575962	6657976
the_provisions 	71527963	2893349
i_2 	71524430	7305715
the_central 	71482516	6040272
the_principal 	71470507	6261996
application_of 	71461626	5723841
is_used 	71414494	5961561
s_e 	71384888	6129636
as_much 	71319377	6928464
will_have 	71290329	6581752
knowledge_of 	71176094	6777223
de_sus 	71154520	1320709
a_son 	71147767	4124149
these_are 	71141167	7152256
from_which 	70954234	7253716
3_the 	70899804	6858193
loss_of 	70889218	6469858
that_she 	70713596	4055576
see_the 	70691982	6559171
after_a 	70659204	6942536
must_have 	70626866	6419534
this_time 	70528004	6578946
the_part 	70517846	6385721
qui_se 	70509610	2108928
production_of 	70486741	5302861
the_rest 	70486102	6811237
and_which 	70385803	6517105
a_e 	70378490	6836704
like_to 	70378439	5596069
the_town 	70311629	4191048
is_more 	70287486	7166621
s_m 	70225409	5154606
by_which 	70160071	6367017
que_je 	70083667	1591193
o_i 	70036783	6453717
known_as 	69979904	6455195
way_to 	69900441	7034388
be_considered 	69898151	6543937
dans_une 	69772244	1859326
1_s 	69769690	6107863
5_4 	69752149	6203156
across_the 	69673450	6385077
its_own 	69668654	6644445
the_date 	69638388	4975782
in_her 	69590757	4737775
for_some 	69491987	7078947
the_man 	69483646	5353970
was_an 	69483133	6892326
the_chief 	69471925	5624368
to_obtain 	69464250	6603524
which_will 	69461333	6534870
we_will 	69425462	5147497
1_l 	69404441	5754503
the_property 	69356779	4059434
z_b 	69305539	2141421
line_of 	69299373	6121638
to_our 	69232832	6183862
be_given 	69103099	6414317
a_su 	69094800	2491497
the_current 	69093897	5920590
possible_to 	69022468	6846390
et_qui 	68971978	2022520
e_i 	68872626	6176126
connection_with 	68856719	5618717
at_that 	68778852	6591735
when_a 	68770263	6988291
show_that 	68745407	6081086
length_of 	68744477	6093024
compared_with 	68601202	5902367
il_ne 	68582107	1784672
one_or 	68559879	7049314
no_longer 	68525581	6925714
a_general 	68469605	7098846
dass_der 	68443834	1686631
11_1 	68423473	5784172
de_leur 	68407268	1877800
they_would 	68400242	6041149
the_school 	68385578	4257852
at_once 	68324732	5309626
made_a 	68310544	6397205
or_any 	68273201	5680414
les_plus 	68251394	1885418
entitled_to 	68061890	3638925
3_a 	68048602	8104531
life_and 	68038760	6178634
than_in 	68027316	6720152
the_council 	67920927	3467367
they_will 	67917191	6371800
the_river 	67834178	4071556
sense_of 	67762915	5947722
treatment_of 	67753768	5280309
the_union 	67752932	3963843
so_as 	67694128	6387123
work_in 	67647069	6720248
but_also 	67616376	6797318
3_6 	67606232	6769338
place_of 	67446715	6537674
a_des 	67441643	2755918
that_time 	67424404	6473178
which_would 	67373730	6553051
it_seems 	67356408	6263599
to_one 	67345980	7328690
of_education 	67344900	4050986
only_to 	67338990	7135394
that_no 	67326329	6654162
when_i 	67291252	4556761
group_of 	67209851	6535860
the_top 	67187545	6034132
the_plaintiff 	67179770	813945
need_to 	67153274	5938300
1_11 	67146293	6196389
we_must 	67117735	5449844
et_que 	67090066	1837225
had_no 	66978858	5829060
und_das 	66962688	2104605
a_high 	66960975	6945938
by_means 	66905768	5777745
although_the 	66762717	6625196
il_a 	66736261	2496096
which_may 	66653676	6661495
to_prevent 	66589526	6131011
with_its 	66584279	6974080
and_will 	66535312	6762804
6_2 	66508628	5844988
president_of 	66507817	4271003
if_i 	66492074	5369090
и_в 	66447933	814316
it_must 	66430843	6540631
the_report 	66319524	4855474
is_given 	66318612	6335622
son_of 	66301194	3885337
included_in 	66121974	6570672
but_that 	66105812	6208971
r_e 	66083071	5845736
s_c 	66028396	5485482
a_member 	66021808	5277834
for_that 	65999116	6569958
he_did 	65980758	4730203
ought_to 	65978588	4802047
et_en 	65976964	2216940
head_of 	65952645	5926458
are_also 	65935571	6805367
the_office 	65876457	4971935
and_no 	65854070	7072066
or_by 	65820183	6687900
using_the 	65803006	6020117
san_francisco 	65802255	4087311
ment_of 	65761749	6397461
1_to 	65746277	5828837
the_english 	65739370	4769662
the_process 	65729979	6145538
carried_out 	65689381	5688324
sich_in 	65681508	1771153
we_were 	65648310	4868454
or_less 	65620174	6496122
given_in 	65581475	6163303
area_of 	65571375	5683319
supreme_court 	65536555	2231978
similar_to 	65445137	6339998
3_0 	65438373	4896533
set_of 	65413660	6123002
division_of 	65347457	5833929
be_able 	65332799	6580044
applied_to 	65236258	6382514
the_east 	65229301	5267711
o_s 	65212463	5982361
who_were 	65180700	5650676
the_greatest 	65083809	6700766
this_act 	65032455	2377824
much_of 	64995297	6849112
and_some 	64954524	7255577
zu_den 	64828987	2081395
us_to 	64811874	6076746
absence_of 	64800570	6207902
qui_a 	64771185	2221550
dass_er 	64715369	1565317
and_had 	64602080	5648579
be_seen 	64566838	6564372
years_ago 	64522948	5855201
the_highest 	64513705	6842944
in_einer 	64492724	1869034
be_done 	64487730	6511631
t_a 	64486426	6557625
of_mr 	64460636	3812227
variety_of 	64436461	6482502
go_to 	64381772	6093385
que_a 	64268110	2296082
difficult_to 	64243938	6866779
que_los 	64222593	1154980
2_i 	64199136	6981342
the_beginning 	64092663	7076041
les_deux 	64037014	1889622
half_of 	64018495	6933210
the_term 	64017734	5840658
states_and 	63991390	5138156
believe_that 	63957278	5979667
nous_avons 	63925198	1619387
the_common 	63897966	6150192
up_and 	63884098	6336887
a_second 	63775676	6834003
the_data 	63737301	4343315
to_know 	63716706	6273602
that_his 	63704572	5301797
to_come 	63686348	6263684
is_it 	63675820	6051782
e_n 	63642800	5255118
los_angeles 	63630440	3606016
ing_the 	63600662	6266816
for_its 	63489872	6918771
je_ne 	63464841	1693476
on_their 	63410548	7013094
but_they 	63403317	6686722
v_v 	63390020	4994323
and_have 	63325778	7105005
the_book 	63292683	5051895
dass_sie 	63221106	1638444
the_place 	63183511	6019357
right_of 	63118480	4792505
we_may 	63085506	5230260
who_has 	63031196	5901865
given_by 	62998006	5756015
per_la 	62991824	1120752
of_land 	62959645	4375959
two_years 	62869996	5859001
1_in 	62847602	7028740
also_the 	62783859	7171994
we_shall 	62750560	4730577
t_e 	62747028	5859557
also_be 	62695187	6650539
the_final 	62667365	6696638
0_3 	62654593	4619392
all_other 	62529605	6389219
ist_der 	62458321	1816510
ا_ا 	62444287	307211
out_in 	62398121	7029216
were_in 	62379973	6531963
only_one 	62376196	7246584
о_о 	62311352	727841
a_3 	62291665	6822847
and_after 	62278825	6550743
because_it 	62188574	6554515
a_ce 	62155376	2298151
than_that 	62118796	6757378
the_extent 	62095038	6120180
il_faut 	61991515	1808354
als_die 	61984448	1855266
the_history 	61935117	6059761
was_also 	61923366	6517288
with_all 	61915558	6732037
d_c 	61905845	5354082
and_2 	61855647	5691922
i_p 	61834547	5731140
down_the 	61685096	6300524
source_of 	61585826	6880519
to_you 	61576621	4447412
1_10 	61531291	6443064
et_du 	61515996	2318785
n_e 	61513446	4998074
of_america 	61501629	5218108
to_such 	61451058	6102031
i_can 	61431240	4844260
description_of 	61384174	6406145
what_the 	61352889	6075259
payment_of 	61332157	3291977
is_only 	61291851	6756604
only_in 	61214352	7110514
have_had 	61192184	6263391
the_lord 	61176133	2657920
such_an 	61141922	6595584
par_un 	61124166	1948712
2_o 	61066792	5402674
to_bring 	61062487	6604429
evidence_of 	61056028	5788962
construction_of 	61042478	5086815
is_so 	61008052	6646458
und_den 	60984890	1950022
appears_to 	60938632	6007756
a_the 	60930338	6151988
power_to 	60930106	5169088
l_2 	60911470	4984732
sum_of 	60874272	4937913
the_late 	60854588	5825615
a_time 	60820708	6878593
of_both 	60799553	7118831
majority_of 	60794045	6056798
b_c 	60743253	5854976
through_a 	60703716	6945148
was_that 	60680688	5871119
influence_of 	60611818	5809848
case_the 	60595537	5988892
all_that 	60512096	5700714
over_a 	60468380	6984963
equal_to 	60439315	5440831
the_words 	60349648	4919452
as_possible 	60309765	6792848
and_therefore 	60248866	6270101
began_to 	60248072	5481919
and_even 	60148870	6477489
that_would 	60115629	6185126
i_c 	60072539	5883223
the_sea 	60065526	4611692
the_action 	60008904	4989142
in_connection 	60006071	4960202
to_us 	60004755	5558979
para_que 	60002771	1282521
fiscal_year 	59927334	1755075
act_to 	59891589	2461865
high_school 	59774413	2836542
van_het 	59774201	510631
bank_of 	59751493	3569534
around_the 	59653696	6257126
up_in 	59594296	6657573
the_u.s 	59560808	2901230
a_series 	59538640	6622677
he_will 	59518706	4926464
it_does 	59518676	6547572
are_a 	59447753	7238076
o_n 	59410071	5442102
para_la 	59398190	1402542
st_louis 	59366413	3112512
made_the 	59140829	6695676
action_of 	59140727	4847976
be_of 	59133595	6736551
him_in 	59104932	5013349
la_societe 	59062149	2040704
pas_de 	59061784	2153502
in_every 	58998509	6362535
for_such 	58985493	6328754
para_el 	58970499	1286021
i_know 	58947862	4246122
years_and 	58886802	6205476
qui_ne 	58755012	1894083
h_h 	58738541	5212935
let_us 	58738408	4892278
take_the 	58696797	6476183
d_e 	58681541	5894371
la_vie 	58675068	2226983
found_to 	58667587	5713739
might_have 	58666503	5888921
v_a 	58609519	5823562
fur_das 	58563964	1954130
that_these 	58540928	6741778
5_7 	58504531	6786969
mit_einem 	58480305	1912033
to_my 	58469946	4981130
c_e 	58422260	5988455
pursuant_to 	58362566	1726346
in_part 	58360155	6046571
attempt_to 	58350930	6667678
the_line 	58344557	5556845
as_far 	58310162	6451871
process_of 	58300096	6267535
them_the 	58223738	6589069
la_loi 	58221041	1469416
co_v 	58195040	1103457
institute_of 	58183355	4219854
vice_president 	58173204	3134817
auch_in 	58137487	1752371
with_him 	58043867	4656177
the_evidence 	58039920	4183131
the_young 	57975369	5032717
men_and 	57970460	5412979
a_special 	57940364	6518617
in_both 	57936459	6817311
on_an 	57927638	7223395
on_to 	57873601	6515046
ont_ete 	57869345	1664182
m_de 	57854781	3073731
below_the 	57838964	6241811
of_st 	57827830	3895650
the_family 	57812497	5199867
much_more 	57806847	6533028
this_country 	57776128	4350954
n_s 	57767956	5455999
1_c 	57753915	5298723
we_had 	57740430	4473440
they_may 	57685306	6522980
age_of 	57666227	6028941
a_p 	57646309	5810981
the_life 	57627732	6101068
was_found 	57576071	5296301
4_0 	57560816	4425141
are_of 	57554957	6572620
in_england 	57553337	4784210
do_do 	57540598	1171394
were_made 	57506308	6241514
n_i 	57502492	5754873
2_7 	57499675	6245468
real_estate 	57484672	2331992
consists_of 	57483063	5844865
in_table 	57464935	2927323
that_such 	57453513	5918758
use_the 	57439449	6696859
or_of 	57421445	6073422
function_of 	57398928	4775733
involved_in 	57385824	6043463
a_state 	57367152	5783317
engaged_in 	57357892	5492120
s_t 	57346421	5566025
off_the 	57329807	6288962
de_saint 	57286523	1954739
ou_de 	57271352	2089882
1_p 	57237373	5147094
b_a 	57175166	6342654
r_c 	57173654	4866294
of_law 	57155763	3633268
place_in 	57107480	6976933
no_more 	57061224	6228689
size_of 	57025451	5846771
the_com 	56999509	5522442
followed_by 	56950877	6596456
r_s 	56946907	5882591
sind_die 	56945734	1776675
been_the 	56933424	6557877
6_3 	56929891	5532265
and_thus 	56924270	6359550
in_it 	56872154	6180209
caused_by 	56868604	5765873
l_e 	56816020	5546249
no_doubt 	56801311	5409665
a_matter 	56793623	5913935
fig_1 	56701438	2475695
no_one 	56697611	5702340
is_as 	56684504	6702639
the_light 	56652326	6118118
methods_of 	56618423	5748265
7_2 	56616944	5802323
of_being 	56480876	6397306
are_now 	56462231	6399433
6_8 	56441616	6486812
a_v 	56394545	5829802
aus_den 	56393163	2015387
ne_peut 	56381771	1707110
a_short 	56322880	6773020
when_we 	56321716	5341209
without_the 	56288412	6804815
a_de 	56265936	6257491
that_has 	56263120	6435551
todos_los 	56194503	1166391
o_c 	56193694	4990967
to_some 	56193256	6939431
the_sum 	56162555	4968561
the_con 	56156895	5887529
of_human 	56080811	5312829
the_individual 	56070331	5885470
it_as 	56042345	6357968
just_as 	56041653	5959133
the_need 	56028780	5696847
school_of 	56018189	5041507
i_should 	56006932	4054855
need_for 	55981524	5529040
s_o 	55968304	5837699
i_shall 	55961620	3913996
position_of 	55946415	6143267
par_des 	55922246	1807266
the_long 	55920995	6677563
the_left 	55920071	4840100
10_1 	55818644	5450156
theory_of 	55812325	4570530
we_do 	55701952	5374857
a_person 	55685544	4809484
where_he 	55662083	4914050
f_a 	55632452	6282573
responsible_for 	55597885	6101302
the_application 	55578469	4955802
___ 	55523596	2123191
m_i 	55408014	5785776
the_record 	55397622	3826359
um_die 	55362616	1848842
time_in 	55337672	7089656
to_carry 	55273668	6239397
wie_die 	55249125	1800504
in_relation 	55248798	5306809
uber_den 	55209041	2030911
but_this 	55181889	6555081
director_of 	55173564	4226135
laws_of 	55170296	4257978
is_still 	55094525	6751381
were_to 	55060588	5898227
down_to 	55053162	6236464
the_members 	55036280	4981236
shall_have 	54980961	3847185
work_and 	54979510	6358480
j_m 	54972363	5417989
y_los 	54918170	1271635
i_don't 	54885642	2896437
5_0 	54875008	4398718
in_8 	54874084	2987869
avec_les 	54857535	1950112
t_1 	54834575	5571991
i_r 	54821499	6083039
3_8 	54798408	6053992
o_r 	54797489	5066805
the_army 	54794147	3483485
4_7 	54762223	6145542
the_earth 	54730520	4502966
the_business 	54687069	4547669
plus_de 	54673953	1836043
i_3 	54641763	6754128
nicht_mehr 	54630899	1725647
2_and 	54603942	5382521
ist_es 	54592668	1716985
under_this 	54574247	4306207
durch_den 	54552563	1802646
at_present 	54501334	5508525
of_great 	54500301	6216897
8_2 	54497127	5606978
hundred_and 	54472876	3732286
m_s 	54409266	5105448
of_about 	54384713	5443423
the_patient 	54360026	2169368
that_have 	54340135	6425904
seemed_to 	54301556	5090209
r_o 	54282224	5123210
a_similar 	54207122	6516640
and_b 	54180572	4504811
h_a 	54152773	6120678
long_as 	54132463	6356841
having_been 	54118863	5289125
is_necessary 	54115996	6115010
beyond_the 	54115132	6912596
j_c 	54040038	5365114
values_of 	53957005	3656282
aspects_of 	53931156	5381447
of_interest 	53927817	6011123
n_j 	53908690	3884998
in_and 	53884498	6564445
que_l'on 	53875190	1587260
section_of 	53870642	5913482
called_the 	53842242	6152956
an_important 	53793772	6487463
statement_of 	53733085	4582665
law_of 	53712242	4610852
la_meme 	53701584	1711243
we_should 	53686411	5066014
properties_of 	53686387	3256057
cases_of 	53667819	4828804
d_h 	53641176	4292352
9_10 	53624018	6989229
2_8 	53619570	5992375
to_produce 	53537119	6064956
s_w 	53510949	4319397
of_war 	53504952	3966410
be_an 	53501494	6910262
formation_of 	53485645	4991325
e_l 	53413764	5553288
having_a 	53405528	5957857
0_5 	53402420	4370419
charge_of 	53374133	5227009
v_i 	53372602	5989924
structure_of 	53353810	5158931
same_as 	53312275	6163526
water_and 	53161480	5227996
c'est_a 	53125853	1670119
o_e 	53071927	5187069
review_of 	53055784	5322552
which_in 	53051128	6609365
well_known 	53041265	6014598
i_could 	53034928	3923861
of_agriculture 	53032470	3368485
m_e 	53011195	5465119
of_three 	52993308	6864762
idea_of 	52971953	5967040
forms_of 	52932167	6108777
the_cause 	52896544	5458475
which_a 	52891835	6522844
beginning_of 	52837338	6673608
3_7 	52836400	6189609
including_the 	52834034	6434741
par_une 	52820888	1762122
do_so 	52783778	6095575
ceux_qui 	52769169	1668952
went_to 	52752752	4661741
think_that 	52748648	4747383
6_4 	52727560	5254840
of_1 	52693439	5440362
a_j 	52643030	5966968
c_and 	52626789	4591498
3_o 	52626173	5152402
the_actual 	52617565	6262894
la_premiere 	52601461	1887657
to_establish 	52575046	6051390
is_being 	52558773	5571361
the_men 	52504314	4420732
the_child 	52468060	3545236
la_plus 	52453455	1849037
for_instance 	52447031	5393994
expected_to 	52433054	6055232
the_trial 	52429116	2573660
to_each 	52422610	6750177
but_as 	52411417	6125816
is_at 	52411241	6696112
de_se 	52408691	2720906
sale_of 	52402582	3642063
de_paris 	52378411	2855435
op_cit 	52377917	1860633
i_m 	52351477	5699655
that_will 	52256933	5942396
the_proposed 	52253569	3977061
the_idea 	52237121	5779208
the_position 	52180019	5700835
thus_the 	52165634	6021074
sent_to 	52163788	5576880
6_5 	52131188	5288733
the_real 	52090312	5953190
most_important 	52078877	6461121
u_a 	52077514	4676888
made_of 	52061416	6232591
the_parties 	51989340	2614860
o_2 	51949310	5037737
within_a 	51914322	6691212
les_autres 	51896360	1839917
and_what 	51853978	5960944
upon_a 	51840431	5435555
growth_of 	51834283	5465046
out_to 	51818573	6432172
society_of 	51810644	4814360
said_the 	51786032	3961993
the_road 	51785915	4632560
to_and 	51764090	6361767
nombre_de 	51746487	2455826
it_a 	51744951	6828411
condition_of 	51697994	5582152
avec_le 	51669987	1905475
death_of 	51668690	4727053
used_as 	51621224	6279175
que_es 	51617230	1328816
than_one 	51593315	6660589
the_international 	51562106	4044904
auf_das 	51489111	1855884
no_3 	51466901	4768806
i_believe 	51434486	4211295
capable_of 	51413919	6000854
5_8 	51407467	6129187
character_of 	51401555	5566487
the_sun 	51369381	4422901
e_il 	51361693	1488738
p_1 	51341331	5172100
of_work 	51324098	5356240
away_from 	51319765	6378319
9_2 	51317885	5271828
law_and 	51311589	4756059
the_person 	51308515	4695905
they_can 	51283407	6306292
is_shown 	51273125	4982988
the_previous 	51262649	6104502
in_your 	51244686	4380396
0_4 	51235229	4147990
where_it 	51221875	6450812
the_age 	51192889	5574769
soon_as 	51147436	5834487
wish_to 	51138151	6087262
of_health 	51113508	3759335
los_que 	51076969	1132062
the_price 	51063192	4638536
described_in 	51059413	5405403
the_full 	51053469	6495645
at_which 	51038573	6171800
not_so 	50985824	6207817
these_two 	50968119	6742496
10_10 	50962880	4106129
c_1 	50962794	5202601
people_of 	50962522	4729282
by_any 	50957376	5995662
be_paid 	50933671	4046576
de_plus 	50916591	1777320
allowed_to 	50896680	6018923
held_in 	50870498	5889101
n_o 	50861893	5191813
a_whole 	50838011	6440176
what_he 	50834474	4808764
copy_of 	50728594	4521429
know_that 	50719617	5340126
the_social 	50694824	4410613
4_the 	50636138	6375069
4_a 	50628101	7360302
if_there 	50615226	6150986
as_soon 	50604872	5822140
j_h 	50577684	4923532
but_there 	50535018	6279246
d_a 	50502259	6208293
published_in 	50464349	5752629
towards_the 	50444587	5100389
3_i 	50432543	6582000
you_know 	50424588	3627598
a_dire 	50395889	2123042
york_city 	50389732	2700122
you_to 	50376249	4243412
be_no 	50327961	6156583
his_wife 	50315547	3812682
operation_of 	50299640	4847293
2_s 	50295524	5451057
v_1 	50290882	5531450
role_of 	50269110	4389967
and_3 	50242029	5470558
the_supreme 	50232837	3217623
subject_of 	50227613	5823368
but_to 	50182418	6128209
c_r 	50172442	4811475
of_many 	50141101	6754229
et_il 	50127688	1709446
the_market 	50115762	4264792
sort_of 	50098831	5160806
the_largest 	50091119	5901667
appear_to 	50082152	5976459
long_term 	50061254	3492268
notice_of 	50052061	3499360
that_when 	50050213	6079837
from_one 	50034267	6842296
and_may 	50026053	6421240
three_years 	50016218	5431252
the_production 	49999150	4928587
p_a 	49978761	5603353
from_that 	49974700	6565072
the_small 	49969005	6210342
fig_2 	49943193	2432265
the_bank 	49919509	3311729
the_major 	49906122	5427592
the_death 	49902893	4759574
two_or 	49902649	6237798
to_put 	49886263	5785906
the_contract 	49854262	2332164
year_the 	49807338	5461357
as_of 	49801261	5804201
h_e 	49763766	5051131
as_is 	49730382	6392190
the_large 	49725405	6145906
a_total 	49708285	5762381
and_c 	49686448	4724860
association_of 	49637912	4531610
2_9 	49618232	5510397
quality_of 	49608826	5780921
the_construction 	49605990	4756341
8_3 	49598011	5364132
the_difference 	49581992	6161607
by_their 	49574064	6482907
the_facts 	49547204	4386917
the_constitution 	49542857	3131970
the_effects 	49488806	5330520
derived_from 	49476306	5902378
him_the 	49473831	4808636
to_day 	49462770	4779610
on_account 	49442499	4249664
the_service 	49426585	4806068
and_two 	49414733	6539871
la_france 	49375077	1961805
importance_of 	49349824	6143602
di_un 	49346747	824236
the_method 	49316934	5133347
e_c 	49305845	5430020
to_help 	49275643	5648471
attention_to 	49262871	6177485
unable_to 	49228755	6127480
a_g 	49224547	5489737
an_increase 	49211116	4566041
i_ii 	49205392	6401451
7_3 	49202319	5384278
not_yet 	49182355	6482768
un_peu 	49148386	1594372
co_ltd 	49138146	1544600
dept_of 	49111860	1630034
avec_la 	49107920	1908332
entre_les 	49097075	1866703
y_se 	49068777	1320197
determination_of 	49067624	4260474
even_if 	48974474	5950095
great_britain 	48954321	3738052
could_have 	48932162	5833065
de_este 	48851855	1144270
the_royal 	48820443	4027895
en_effet 	48775017	1518940
of_men 	48707147	4835967
to_avoid 	48675920	6395650
n_c 	48672949	4264043
direction_of 	48641987	6066667
ist_das 	48597262	1762952
on_its 	48528458	6366329
we_find 	48505875	4709630
set_up 	48503811	5659538
in_view 	48436449	5384071
but_if 	48432977	5631315
a_case 	48424924	5229713
and_were 	48386450	6098024
n_2 	48354007	4700059
continue_to 	48321479	5905561
if_any 	48314394	5758981
the_absence 	48314291	5696339
of_section 	48298967	2029216
die_sich 	48274396	1705923
effect_on 	48271287	5404776
for_use 	48247874	5021697
mit_einer 	48231540	1848918
on_that 	48220428	5608281
or_two 	48204275	6068758
i_v 	48202325	5849638
4_8 	48189750	5753905
has_to 	48179879	5623109
with_that 	48137138	6406683
the_four 	48103990	6511892
first_time 	48093584	5876311
that_an 	48061767	6241131
the_western 	48038763	4907341
determined_by 	48032476	5280432
de_esta 	48032335	1161731
a_bill 	48030719	2318782
the_in 	47970528	5721850
last_year 	47964448	3695102
determine_the 	47957788	5407760
of_us 	47954490	4854692
to_increase 	47950093	5785525
the_table 	47935303	5366509
be_more 	47920245	6716391
from_their 	47911194	6538306
gegen_die 	47872012	1655747
o_3 	47833496	4778869
from_an 	47812511	6782209
any_one 	47772241	5726583
and_social 	47770472	4515882
it_be 	47753206	5556330
though_the 	47727699	6194527
a_study 	47688636	5540243
new_jersey 	47678081	3549384
so_the 	47673434	6327279
in_two 	47653565	6876701
6_0 	47612195	3716783
a_period 	47587221	6022379
collection_of 	47584624	5969058
kinds_of 	47582141	5868208
r_l 	47524667	5194147
at_his 	47523644	4848965
failed_to 	47515829	5299999
under_a 	47510424	6139593
with_other 	47486130	6759997
the_soil 	47476314	3445838
point_de 	47473289	1996684
p_m 	47420316	4304530
w_h 	47381315	4644004
die_von 	47380015	1761326
che_si 	47357556	648260
that_which 	47323383	5054342
to_these 	47300003	6836395
obtained_from 	47274321	5020562
w_a 	47257778	5479717
been_in 	47255010	6074718
de_france 	47252930	2697421
и_и 	47228285	851568
designed_to 	47220955	5426711
because_they 	47209292	6137681
dass_es 	47208563	1625013
as_one 	47177525	6745253
2_l 	47155244	4269447
the_usual 	47146840	5840156
the_community 	47112744	4230948
to_become 	47086134	6398798
purposes_of 	47058507	4768139
added_to 	47052034	6269421
that_for 	47004112	6314618
increase_of 	46922689	4615220
in_diesem 	46918904	1690912
even_the 	46917688	6016921
with_it 	46908484	6049949
has_no 	46896656	6105122
use_in 	46842292	5898517
g_a 	46801903	5603479
give_the 	46790929	6332818
a_4 	46781273	6231279
five_years 	46775825	5428275
of_in 	46775327	6028713
nicht_nur 	46766202	1635930
0_o 	46753273	3800415
and_those 	46730724	6834072
with_them 	46729877	5820823
1_n 	46727364	4941610
10_11 	46689452	6648651
o_0 	46687001	3761011
field_of 	46667583	5686403
percentage_of 	46658128	4407252
of_business 	46653138	4026493
but_we 	46652004	5167198
ability_to 	46648989	5326558
with_her 	46611053	3936337
for_him 	46600294	4725950
class_of 	46599415	5142080
return_to 	46588999	6384287
surface_of 	46574448	4032503
c_i 	46569189	5726062
united_kingdom 	46547593	2386786
this_year 	46519597	3644229
rest_of 	46509957	6237265
for_one 	46487438	6685437
meeting_of 	46479216	4377593
of_labor 	46473125	2843979
are_given 	46465269	5547417
if_not 	46446942	6228006
be_obtained 	46426308	5215691
to_what 	46415366	6059621
more_or 	46410417	5604107
problem_of 	46392991	5219162
in_case 	46390612	4891473
the_proper 	46353612	5583249
they_do 	46336270	6258409
m_1 	46267242	4659761
i_0 	46253557	4507438
the_situation 	46244648	5526442
committee_of 	46231110	3757948
r_t 	46207715	5366537
2_p 	46205540	4362021
all_these 	46180543	6184191
se_ha 	46178978	1399617
placed_in 	46172654	5811046
de_leurs 	46165235	1725010
where_a 	46163629	5883964
toward_the 	46154875	5116727
support_of 	46154606	5333900
council_of 	46154574	4000818
interested_in 	46154035	5799737
w_w 	46143903	4939002
i_the 	46130416	6422164
j_w 	46074493	4586096
intended_to 	46034377	5880195
the_society 	46010770	3883003
j_l 	45942071	5278334
at_first 	45855462	5822448
e_m 	45841934	5173319
so_dass 	45828120	1534262
c_d 	45813629	5306715
government_of 	45810140	3649963
the_building 	45781697	4645536
concerning_the 	45707602	5594191
what_was 	45690685	5329848
the_party 	45666887	3280665
and_or 	45666675	4318041
they_could 	45652227	5565088
r_1 	45637121	5009400
volume_of 	45636480	5137677
que_dans 	45590813	1669700
much_as 	45580868	6316768
to_other 	45580821	6602738
known_to 	45569606	6121586
i_4 	45560871	5980886
the_minister 	45556872	2125091
man_who 	45540302	4450735
health_and 	45501906	4584593
no_es 	45437599	1317874
on_ne 	45436917	1840196
la_que 	45436892	2242890
a_f 	45424957	5659582
of_every 	45299380	5683962
what_i 	45292914	4113044
even_though 	45285076	5752596
the_standard 	45277883	5402017
la_ville 	45261120	1621137
used_by 	45249499	6343088
proportion_of 	45234750	4884426
lui_meme 	45229431	1579242
por_los 	45217732	1146643
h_r 	45214078	4274688
are_used 	45175874	5383106
il_se 	45149959	1758265
mais_il 	45143827	1598543
june_30 	45140592	2049181
to_whom 	45137420	4912954
she_is 	45132893	4160265
1_m 	45132354	5285588
a_que 	45131701	2431959
and_who 	45126892	5465987
that_can 	45100207	6105809
also_a 	45093635	6705003
the_program 	45036348	2864329
the_human 	45030135	4895738
was_at 	45026919	5433817
the_story 	45018074	4381935
t_r 	44987956	5252418
very_much 	44973378	5361546
of_age 	44972416	4594540
the_different 	44969832	5852917
the_title 	44958630	4658072
district_of 	44938738	3347035
at_an 	44900962	6515358
year_and 	44900476	5463378
t_o 	44895872	5231534
as_for 	44878529	6465706
the_laws 	44871706	4206606
to_receive 	44826469	5426653
and_her 	44819601	4357033
7_4 	44812807	4962555
p_p 	44807766	4337482
the_governor 	44731219	2771936
research_and 	44719170	3982400
s_d 	44718835	4250287
2_in 	44706363	6325906
response_to 	44654734	4755721
up_a 	44652979	6171165
for_many 	44633063	6352219
the_annual 	44629546	4694528
a_day 	44626008	5569038
to_form 	44617740	5815485
year_of 	44612015	5324417
the_direction 	44605929	5932664
a_partir 	44605889	2305180
c_the 	44573060	5087739
es_el 	44568803	1210588
of_england 	44563524	3316888
areas_of 	44548081	4707530
years_the 	44512859	6138675
a_paris 	44499128	1967270
11_12 	44496487	6654398
relative_to 	44492723	4321617
the_bottom 	44491002	5211789
i_j 	44465883	5534765
as_shown 	44451091	4164530
the_base 	44423558	4538769
quantity_of 	44418621	4537160
par_m 	44396256	1489424
even_in 	44392164	6148757
so_called 	44385792	5634083
for_them 	44381649	5893313
the_maximum 	44349079	4195439
greater_than 	44286251	5578628
shows_that 	44274869	5362255
also_in 	44266077	7103713
the_children 	44262991	3932849
of_high 	44250921	5832796
one_half 	44221297	4878006
a_letter 	44197826	4574913
the_good 	44193164	5374091
0_i 	44180246	4407233
a_particular 	44163350	5682760
how_the 	44150844	6298499
0_6 	44136500	3642241
solution_of 	44124878	3883971
is_true 	44117264	5671188
conditions_of 	44114082	5452038
the_majority 	44055360	5594466
is_said 	44048075	4641999
in_most 	44038751	6163052
the_terms 	44032664	4812812
the_sale 	44011753	3345968
as_you 	43958990	4238848
states_of 	43928291	5205684
which_can 	43927456	6016073
trying_to 	43912727	4983707
regarded_as 	43894291	5267022
obtained_by 	43846665	4547529
5_a 	43833401	6886643
a_h 	43815058	5494571
to_support 	43805831	5555873
in_particular 	43802092	5635715
1_e 	43784428	5339526
the_heart 	43751465	4827004
a_5 	43750100	6107994
to_develop 	43741841	5296093
4_i 	43727076	5998185
to_maintain 	43711413	5837450
owing_to 	43706745	4393255
la_de 	43687179	2548226
along_with 	43670849	5954297
body_of 	43639675	5738296
that_one 	43634047	6278456
shows_the 	43610430	5190995
is_possible 	43595243	5944974
education_and 	43593453	4287904
so_many 	43550071	5507635
3_9 	43546924	5486912
of_certain 	43533499	5585785
that_had 	43524783	5388630
a_given 	43494994	4840446
7_5 	43455470	5032733
3_s 	43442122	5140107
and_be 	43440696	5813240
top_of 	43434942	5277353
close_to 	43430204	5893228
it_appears 	43423274	5483666
l_r 	43420143	4535602
contained_in 	43400388	5327370
connected_with 	43389894	5252944
make_it 	43370126	6292299
with_some 	43346650	6586729
where_they 	43312206	6221577
7_9 	43302630	5782745
s_2 	43251664	5282710
5_9 	43237551	5318806
the_southern 	43231348	4311087
in_those 	43213539	6204698
and_you 	43203837	3994385
the_white 	43179850	4772800
man_in 	43177130	5883478
as_that 	43167319	6175940
e_1 	43140637	4974061
the_money 	43132387	4133573
stated_that 	43125808	4365863
c_s 	43100702	5201070
and_how 	43072007	5993097
this_point 	43063577	5742068
00_00 	43038373	1626476
existence_of 	43028953	5359936
the_re 	43023943	5426139
que_ce 	43010055	1731306
the_poor 	43007149	4650351
dans_ce 	42997285	1702529
co_inc 	42983253	1268817
returned_to 	42968883	5503050
in_section 	42967145	2556127
vor_allem 	42960098	1525337
6_9 	42949927	5227419
led_to 	42949474	6037310
er_sich 	42942883	1490077
el_que 	42910842	1158883
at_one 	42890252	6208890
meet_the 	42831589	5777939
weight_of 	42822778	4674469
day_and 	42781215	5709043
con_los 	42763646	1148704
issue_of 	42758252	4515050
days_of 	42753053	5683199
the_hands 	42733186	5124874
result_in 	42695845	5291018
et_par 	42688820	1857203
with_regard 	42683097	4784786
a_strong 	42656220	6139734
a_cette 	42637854	1636640
8_4 	42620511	4811105
is_required 	42605339	5015011
de_faire 	42581786	1659496
being_the 	42558520	6137841
the_true 	42552888	5534196
at_home 	42545030	4975077
and_many 	42495857	6211155
le_premier 	42494603	1794596
he_may 	42490365	4661603
available_for 	42467249	5060424
would_like 	42456536	4373644
und_dem 	42441439	1823614
m_le 	42427859	1786670
to_your 	42425031	4092636
a_w 	42421003	5248436
y_no 	42413926	1517510
the_material 	42393386	5193012
b_the 	42376347	4816387
held_that 	42373990	2313811
j_r 	42373711	5008186
the_influence 	42372746	5412550
be_held 	42369641	4608627
possession_of 	42368391	4223498
and_over 	42364770	5305878
of_social 	42364383	3778512
that_were 	42349456	5929505
that_at 	42311722	6090456
our_own 	42285279	4815114
and_development 	42267084	4396041
and_yet 	42264061	4906559
the_information 	42246660	5290846
agreed_to 	42230482	3830173
f_i 	42219505	5413135
extent_of 	42214023	5636742
out_that 	42204601	5515299
ne_se 	42191263	1919515
pointed_out 	42190901	5384891
the_fourth 	42163853	5960364
qui_ont 	42139925	1722137
from_its 	42133510	6173868
not_know 	42117879	4880473
ainsi_que 	42086721	1675854
time_for 	42067493	6213447
y_por 	42062424	1136109
9_3 	42045072	5009526
for_these 	42028268	6610400
the_size 	42006598	5530674
7_6 	42002070	4670568
in_figure 	41989050	1972984
to_in 	41963117	5967749
of_california 	41961400	5053825
i_5 	41952731	5873481
1_一 	41951259	913765
was_born 	41948209	3672208
meaning_of 	41946002	4684361
dans_son 	41943810	1620580
they_should 	41918638	5564487
the_initial 	41914361	4684867
one_and 	41904555	6253682
see_that 	41856383	5412873
aber_auch 	41840540	1619656
h_m 	41809385	4524444
out_and 	41797408	5943301
for_more 	41794398	6231045
general_de 	41771706	2755316
was_one 	41760383	5362635
to_read 	41735848	4911686
en_una 	41734883	1140647
example_of 	41715011	5953649
of_american 	41697645	4048321
the_basic 	41688593	4605252
two_of 	41641919	6356914
the_states 	41634152	3585594
are_very 	41632539	5820433
in_respect 	41620868	3330855
total_of 	41617838	4912382
to_hold 	41595571	5807292
apply_to 	41555052	4814122
et_dans 	41517354	1848003
and_most 	41509085	6336540
is_found 	41508621	5283440
1_t 	41497079	5189442
e_de 	41480725	2964076
the_jury 	41459861	1253842
necessary_for 	41434565	5936574
tion_and 	41433020	5807401
excess_of 	41427584	4317713
van_den 	41372451	1172223
piece_of 	41369079	5426831
the_group 	41357625	4707621
in_das 	41354675	1886649
by_its 	41331993	6011609
p_o 	41326238	4328489
es_la 	41324206	1407780
nicht_zu 	41306825	1679728
lead_to 	41289577	5704222
to_1 	41276771	5137886
a_third 	41248920	5964972
one_hundred 	41227686	4480944
price_of 	41208797	4217378
s_f 	41205945	4216330
and_shall 	41201528	2789843
werden_die 	41177377	1679901
of_view 	41174365	5363068
the_little 	41171928	4281419
about_a 	41167825	6052156
to_consider 	41160246	5726500
1_12 	41139404	5590610
4_9 	41129630	5077645
the_chairman 	41096411	2316651
was_used 	41080645	5144275
some_time 	41074574	5576552
access_to 	41061676	4930781
zu_einer 	41044677	1820435
care_of 	40999145	5067646
on_peut 	40976696	1566412
by_him 	40917993	4168521
dealing_with 	40893205	5402382
3_and 	40883108	5055272
wenn_man 	40883089	1575078
es_sich 	40880295	1616847
ne_sont 	40879777	1696550
that_as 	40876635	5837432
provided_for 	40849358	4609357
and_mr 	40838606	3601742
j_e 	40825503	4951419
this_paper 	40821602	3037733
and_j 	40787649	3813995
examination_of 	40754780	5295131
what_they 	40720872	5176106
characteristics_of 	40715688	4867860
the_formation 	40709171	4640012
it_i 	40698054	5081153
2_to 	40696701	5210034
the_natural 	40653753	5662376
outside_the 	40647218	5983603
of_action 	40642954	4397206
the_center 	40622582	3931058
8_5 	40619857	4812450
c_l 	40614615	4821048
e_t 	40609784	5031451
when_you 	40607592	3834363
made_for 	40596906	6027757
r_d 	40590743	4375362
report_on 	40584886	4547065
t_s 	40583917	5489883
n_t 	40580126	4861082
following_the 	40576091	6260931
without_a 	40574003	6191256
full_of 	40561182	4700844
are_more 	40551196	6168129
new_zealand 	40551140	2285659
for_in 	40535848	6069069
look_at 	40528864	4980818
the_door 	40491688	3973260
have_an 	40478207	6375983
a_point 	40474496	6054205
che_il 	40471017	629746
present_in 	40468210	5130565
to_secure 	40455218	4689741
und_mit 	40438761	1789947
i_and 	40425208	5596340
is_well 	40417989	5877087
what_we 	40405497	4884578
de_lo 	40389017	1502228
l_s 	40367987	5173646
the_growth 	40335805	4938484
no_4 	40334494	4284047
many_years 	40320329	5613054
que_vous 	40310858	1240018
was_so 	40288412	5187620
d_i 	40239586	5036676
problems_of 	40215984	4757759
part_in 	40182363	5896404
one_year 	40167197	4679856
on_one 	40154270	6229152
me_that 	40146693	4079682
table_1 	40146297	2557617
a_different 	40132190	6287045
public_health 	40109683	2428794
the_greater 	40098057	5769541
there_has 	40073664	5411460
s_3 	40071706	5062619
the_control 	40051145	4490763
and_new 	40045581	5919956
the_truth 	40028151	4482102
j_b 	39991050	4814156
l_c 	39989219	4488928
the_statute 	39989149	1647055
hands_of 	39983449	4922775
1_of 	39982538	4436723
12_13 	39978002	6427223
behalf_of 	39970798	4104653
the_type 	39966031	5139596
attached_to 	39962052	5564907
the_opinion 	39950222	4118784
of_man 	39946349	4805205
a_major 	39943059	4675869
seen_in 	39914764	5631684
a_full 	39892574	6109591
of_money 	39892470	4535873
5_10 	39883730	5307361
t_h 	39876102	4698871
species_of 	39873122	3204545
man_and 	39866648	5215220
from_all 	39865597	6250655
in_dieser 	39865388	1663917
the_primary 	39862769	5097977
a_sa 	39848521	2653424
the_legislature 	39847748	2067322
the_spirit 	39837916	4331841
are_made 	39830205	5879934
the_northern 	39820899	4314800
none_of 	39787275	6221999
sufficient_to 	39786204	5253355
this_state 	39775592	3310595
failure_to 	39761229	4004705
j_i 	39754296	5233275
fin_de 	39746346	2702833
people_who 	39737982	4855926
it_might 	39732898	5587019
fig_3 	39705109	2289528
s_r 	39695790	4865229
his_life 	39659309	4223690
levels_of 	39623637	3774956
discussion_of 	39622472	5160736
1_r 	39615962	5048285
8_0 	39609399	3527276
the_face 	39607869	5456170
the_home 	39582523	4417545
spirit_of 	39579862	4544616
given_the 	39554099	6223004
the_reason 	39532944	5841353
to_look 	39529492	5552200
however_that 	39528688	5663197
a_half 	39524034	5504254
consisting_of 	39521666	5403679
e_in 	39511905	4447642
in_favor 	39505037	3430101
one_to 	39460267	6357556
opportunity_to 	39438735	5352961
le_meme 	39432198	1606400
la_guerre 	39404578	1565252
consideration_of 	39380768	4871277
ready_to 	39358996	5280924
consider_the 	39353225	5442028
one_who 	39328661	4593349
b_and 	39320992	4064596
a_fait 	39317956	1838009
both_of 	39271768	6214137
of_government 	39261351	3974305
be_so 	39254060	5527678
est_de 	39248926	1974839
principles_of 	39247238	5082667
man_of 	39221948	4360171
the_population 	39218200	4287043
difference_between 	39216316	5799804
with_one 	39212900	6485881
that_any 	39208465	5566843
8_6 	39187847	4489488
produced_by 	39158892	5005754
this_work 	39150072	5134829
the_role 	39129031	4240324
the_operation 	39083500	4464160
of_no 	39077029	5742330
is_about 	39070535	5381819
to_reduce 	39059064	5165669
to_another 	39042382	6232710
the_german 	39041627	3473144
che_la 	39024017	721504
is_called 	39021136	5241216
in_no 	39009563	5972436
1_v 	38992015	5096362
of_various 	38983524	5901898
are_being 	38966654	4881152
tend_to 	38956306	5498455
de_notre 	38925244	1697050
and_she 	38920862	3435323
di_una 	38855644	706682
that_some 	38844382	6168372
the_conditions 	38838049	5168334
try_to 	38795809	5199289
provided_by 	38753691	5055284
a_lot 	38727002	3924604
avec_une 	38714161	1724227
5_the 	38714134	5965923
the_project 	38638964	3422057
ou_il 	38627597	1562764
a_considerable 	38620101	5297898
too_much 	38616983	5401780
no_other 	38579493	5872910
a_common 	38557603	6013997
the_night 	38499173	4217265
the_importance 	38477105	5751815
establishment_of 	38471931	4960864
refer_to 	38461909	5588736
it_with 	38449719	5801755
the_possibility 	38438865	5602105
one_in 	38413976	6398260
it_for 	38400491	5676615
find_the 	38382990	5658494
without_any 	38287023	5629263
work_on 	38283762	5687431
and_now 	38209570	5162592
spite_of 	38193907	5311592
the_region 	38183330	4094539
on_all 	38182420	6145366
to_amend 	38141108	1401793
men_of 	38138471	4167693
are_all 	38092139	6145333
for_her 	38067946	4230341
the_level 	37958904	5223699
minister_of 	37828681	2355019
set_forth 	37268051	3264640
as_amended 	37043873	1244578
la_ley 	36224683	825489
o_t 	36156857	4436465
o_l 	36016386	4306142
sobre_la 	35882259	1205623
und_des 	35880567	1796840
e_f 	35851365	4769547
n_d 	35835956	3937803
to_mr 	35830611	3211994
unter_den 	35706829	1660127
con_un 	35582789	1484190
survey_of 	35570923	4566943
in_het 	35535134	339805
of_commerce 	35461587	3244282
the_association 	35419560	3225601
in_regard 	35419429	3752565
he_should 	35298219	3818067
f_f 	35285200	4228309
a_week 	35197227	4243510
a_se 	35135434	3398687
deal_with 	35070332	4819801
j_s 	35025663	4587321
the_existence 	34991470	4688859
a_0 	34906276	3509311
j_f 	34890933	4400701
was_then 	34826696	4604354
be_said 	34798703	4720693
in_spite 	34649487	4834659
co_co 	33336596	1394776
july_1 	32601897	1979573
a_copy 	32563025	3407457
the_plan 	32474863	3592900
en_este 	32337839	940932
favor_of 	32193867	2867129
as_long 	32139699	4883994
l_o 	32128003	4038323
such_that 	31942912	3529323
und_zwar 	31905673	1295334
la_fin 	31805908	1581324
we_would 	31784453	3829427
j_p 	31725510	3875191
the_indian 	31512923	2476733
the_decision 	31421390	3408228
f_2d 	30726274	248672
professor_of 	29442982	2458907
f_1 	29366697	3474702
to_serve 	29359957	4211515
y_las 	29303368	912589
isbn_0 	28819507	661890
g_e 	28761070	3446909
o_de 	28747448	1873798
de_tous 	28574627	1312910
the_mean 	28567283	2749852
5_i 	28558584	4304460
ist_ein 	28547253	1293100
front_of 	28450859	3569077
all_this 	28355877	3741494
available_to 	28141024	3457207
12_1 	26141734	3194472
r_m 	25804399	3233844
college_of 	25765579	2231966
power_and 	25577834	3505110
a_to 	25484067	3249791
the_blood 	25420960	2174185
x_y 	25326423	1579240
by_one 	25051764	4153053
2_c 	23463101	2634986
l_3 	22831856	2382833
science_and 	22615854	2457917
che_non 	22543865	356035
9_0 	22389658	1967734
find_that 	22342570	2964417
m_n 	22274933	2496748
sous_le 	22192359	1003455
me_and 	22003327	2224182
the_rule 	21994599	2377846
town_of 	21872542	1889077
celle_de 	21792496	934378
or_even 	21388832	3314921
q_q 	21305276	1129630
now_in 	19104952	2860477
a_u 	19024979	2347790
in_front 	18948849	2250651
the_judgment 	18875834	1258269
provide_for 	16320147	1688454
por_lo 	16295373	469458
north_carolina 	16160129	1146401
studies_of 	16112146	1725294
4_o 	15992591	1777000
im_jahre 	15956143	609081
0_9 	15899746	1383337
s_l 	15893213	1987962
the_soviet 	15886035	569437
administration_of 	15868567	1616210
the_issue 	15721031	1746974
the_special 	15697842	2105018
the_interest 	15681014	2010930
a_variety 	15662614	2204601
you_may 	15596897	1623760
s_and 	15562751	1900563
upon_which 	15519736	1884706
for_other 	13110140	1851041
9_6 	13013132	1354899
9_4 	12987991	1499385
9_5 	12960114	1510641
wird_die 	12801779	555044
r_co 	12785061	472893
the_hon 	12778155	475670
and_said 	12699953	1125196
o_co 	12696834	852733
c_2 	12577405	1561227
county_of 	12535228	643485
note_that 	12531024	1600377
dass_das 	12434396	523509
the_object 	12200024	1542939
to_think 	12126110	1586041
information_on 	9895303	1247346
bill_no 	9800651	91292
sie_sich 	9650495	405039
of_trade 	9555284	803843
b_b 	9513368	1024716
der_in 	9411154	546874
of_information 	9387246	1239331
was_held 	9287502	975408
story_of 	9165418	1007086
at_last 	9114632	936175
was_very 	9106591	1223185
house_and 	9083639	1068295
that_their 	9066905	1440161
e_mail 	7125962	131118
of_congress 	6753934	599010
the_tax 	6690932	373795
univ_of 	6646881	211150
а_а 	6526816	137438
chairman_of 	6499123	523557
comparison_of 	6486694	791296
read_the 	6469989	733920
n'a_pas 	6382885	279106
composed_of 	6379198	897682
p_l 	6353419	640546
annual_report 	6326693	441718
dass_man 	6309404	251734
auch_der 	6284494	279721
i_f 	6279393	860073
co_o 	6272046	432744
i_u 	6271165	722780
n_w 	6223376	557164
n_3 	6218192	690850
was_taken 	6143076	844131
shown_that 	6113200	729560
compared_to 	6079714	769000
edited_by 	6073551	545357
the_years 	6061737	911688
desire_to 	6001897	840869
be_expected 	5982527	897395
it_were 	5972566	825649
k_g 	3736849	150881
washington_d.c 	3475700	250857
с_с 	3445877	57951
the_bureau 	3367203	219804
一_1 	3334977	74659
la_cour 	3313204	116822
p_r 	3282637	387659
any_person 	3277680	224280
g_g 	3215418	339352
k_k 	3174307	250231
zu_einem 	3170504	146902
the_european 	3166637	269916
durch_das 	3156861	146770
unter_dem 	3154767	146138
noch_nicht 	3151898	141304
uber_das 	3139982	160305
performance_of 	3128963	364281
nur_die 	3117850	142536
under_section 	3111173	97925
the_test 	3111088	329571
ist_in 	3108658	157107
u_u 	3094346	271735
le_roi 	3092549	111006
d_1 	3091613	335554
de_meme 	3090435	130213
book_of 	3084526	344772
la_vida 	3081868	97670
the_temperature 	3052915	197862
is_based 	3047391	442211
and_d 	3021006	317682
of_science 	2974168	317949
land_and 	2949869	370920
the_morning 	2884091	334280
